round,rmse
1,147.9156273744189
2,147.90979264014027
3,147.90945786517236
4,147.90943439664173
5,147.90943272749956
