round,rmse
1,231.49393932824952
2,231.49151088813318
3,231.49134093925574
4,231.49132889483596
5,231.4913280375338
