round,rmse
1,83.16559411311026
2,83.14299378358737
3,83.1414865453131
4,83.14137970036244
5,83.14137209517978
